SEND_ID,NOTES
0190c36d-f14d-4292-f000-00001ecd68f5,
0191edd7-7bce-4e01-f000-000094eb2a1c,"Tone: The client prefers a casual tone, but our message is coming across a bit too formal. We can say, """"Thanks for checking out our products! Yep, we've got you covered! Could you let me know your car's make and model so I can help you find the right fit? You can also check out all our nose bras on sale here: https://covercraft.attn.tv/aKw8Wj14cYK"""""
01934ffd-3d52-4d01-f000-0000a3103b70,Empathy - we should've been empathetic as they're clearly not happy with the shopping experience
019175c1-aba8-4f77-f000-000030ee21b6,"Grammar - We typed hep instead of help and we're missing a punctuation in our last sentence. Please make sure to proofread our responses before sending them.

Empathy - We should add an acknowledgment since this is their first text. We can say: ""Thank you so much for your interest."""
01908b2e-85f6-4023-f000-00006d92b346,
018f595e-d757-4e8d-f000-000088950a27,
01975007-2dfc-4c8c-f000-0000bd490b82,Understandable - That is not a common message used for a US audience. A normal alternative would be “I’ll be here later when you have some time.” That sounded very vague and awkward.
018f2589-964e-4b5a-f000-000057f4cfdf,
0198e1f3-856a-4326-f000-0000b469216e,Understandable Message: We need to make sure to translate the message to the customer's original language as per our workflow
0192c4c5-409d-428a-f000-000091987508,"Typo - We're missing a word from this phrase ""... you should for them!"" Let's be sure to proofread our message before sending. 
Intent - The customer asked if they need an adjustable bed frame or one with a head board. They should always need only one, not two. This would rely on their preference but they should not need both unless they're buying two mattresses. "
0191abbc-668e-4bd2-f000-000095dff35d,"""Issue ID - The customer was looking for the shipping timeline ""when"" - We simply needed to send them the shipping time template here. 

Repetition: We already sent the customer information about tracking in response to the previous message. Reiterating the tracking instructions is redundant. It's also copied over word for word"""
01904d16-ca98-482a-f000-00004f7fd15a,
0198f765-82f0-4df5-f000-00000eb1e0c8,"Tone Preference: The client's preferred tone is polished, not formal. We only use ""pardon me"" in very formal settings. Alternatively, we can say, ""I apologize for the confusion"", etc. "
0192a0e5-bf08-43f8-f000-000014b59770,"Grammar - Here are the grammar mistakes in the original text and they involve errors in word choice, verb tense, and sentence structure:

	1.	“I’m afraid I do not have any visibility to your order here on my end”
	•	Mistake: “Visibility to” should be “visibility into.”
	•	Correction: “I’m afraid I do not have any visibility into your order on my end.”
	2.	“Can you please tell me when did you placed your order”
	•	Mistake: Incorrect word order and tense. “Did you placed” should be “you placed.”
	•	Correction: “Can you please tell me when you placed your order?”
	3.	“And have you already received the tracking info via email?”
	•	Mistake: It’s generally better to avoid starting sentences with “and” in formal writing.
	•	Correction: “Could you please let me know if you’ve already received the tracking info via email?”

Here are the punctuation errors: 

	1.	“But can you please tell me when did you placed your order, and have you already received the tracking info via email?”
	•	Error: The comma before “and have you already” should be a period or a semicolon for correct separation of two independent clauses.
	•	Correction: “But can you please tell me when you placed your order? Have you already received the tracking info via email?”
	2.	“If it’s not showing up in your primary inbox, kindly check your spam and promo folders as sometimes our emails end up there.”
	•	Error: There should be a comma before “as” to properly separate the clauses.
	•	Correction: “If it’s not showing up in your primary inbox, kindly check your spam and promo folders, as sometimes our emails end up there.”"
0190b867-e709-47da-f000-000003f499c1,"Templates: We can add the sz template here.

Tone: ""Feel free to reach out if there's anything else I can help with..."" - We shouldn't insert a closing statement when we're in the middle of assisting the customer."
0192f8d6-332b-4730-f000-0000a03f2bca,"Grammar:
1. ""I would love too!"" should be ""I would love to!""
2. There should be no comma after ""love""."
018f1b4e-743e-4b4c-f000-00002d22066d,
018f83eb-c075-4a9b-f000-0000899721c8,
0196880b-e70e-4c9c-f000-0000bfd41229,"Typo: We said ""Try to use this code"" but we didn't provide any codes. We sent a link. This typo skewed the meaning of the message and is confusing. 
Conversation, Checkout Page, & Website: The customer needs to sign in or sign up for the code to auto-apply. This is stated in our promo text. We should've replicated this on our end so we can provide the necessary steps to make the code work instead of passing the responsibility to the customer by saying ""see if the promotion will apply"". I tested the promo link by creating an account and it works - It doesn't work without signing up."
0191d316-891e-4a77-f000-000096b9590a,
01964ac4-7543-4c12-f000-0000beabbe32,"Typo: ""of the add"" - 'add' changed the meaning of the message"
01910ae7-2b2d-495a-f000-00001551873e,
019312a2-e0c7-4912-f000-0000a1572385,Personalized and Empathy - we didn't to ask them to try the code on our website as they obviously already tried it and didn't work. We also missed showing some empathy for the inconvenience
018f9cfe-709f-4cae-f000-0000885afd6a,"Could've personalized more - e.g. told the cx that they're already getting the best deal, etc."
0190b7b1-ca28-44d7-f000-00009002853b,
019017e4-0ee9-433a-f000-000040b5f884,
01920059-ce12-4a96-f000-000098437cfc,"""Grammar: Markdowned is not a word, it's marked down or markdown.
- Started a new sentence but didn't capitalise the first letter """"there are some markdown...""""

Link filtered - If there were discounted Chino's on the sale link, we should have sent this filtered link to the customer instead: https://bonobos.com/shop/sale/sale-bottoms Makes it easier for the customer. Instead of them having to scroll through all types of items, they can simply get a filtered link with just discounted items they're interested in."""
018f590e-904b-4d96-f000-00007fc92aac,
018edeb2-4c55-4b28-f000-000001a553fb,
0190da8b-2f5c-449a-f000-00000a231488,"Tone - The tone of this brand is polished. ""Super comfy"" comes off as casual. Lets always observe these details and draft our responses accordingly. Please also check on this slack post here: https://attentivemobile.slack.com/archives/C05AMGZQFA8/p1719351785611739"
01922977-ac2b-45c0-f000-00009aabe2aa,
018ebf14-599b-4f6c-f000-00008486a6d4,"I understand, hopefully, we'll be able to update that as soon as possible makes it seem like we owned up to the cx's statement about the website being ""scammy"""
0198a503-609c-4f59-f000-0000333ad74a,Empathy - We should've started with an apology here for the item not being on stock.
018f3b2f-35e1-41eb-f000-000039014a7f,
01908e4e-a0e5-46f4-f000-00005aed6238,"Missed Intent - The cx was saying that they're not receiving responses to email. Sending the email address was irrelevant, because what the cx was saying is that nobody responds to emails. Sending phone support was good, though.

Empathetic - Did not empathize on the non-response in emails piece.

Template - should have used nrc template.

Repetition - Repeated what the previous agent already said. 

"
0191d7aa-cbac-4af2-f000-00005d0ab783,
018feeab-9def-49aa-f000-00008bcb7a69,
0191fbc6-a9d7-4a39-f000-00009973d24e,"ET + Customer Profile + Personalization - We should've asked them first if their account was charged because as per their history, they haven't purchased anything from us. We could've also asked them to check their spam/promo folders to see if they received a confirmation email there.

Personalization - I'm not sure where this ""If the charge on your account is pending, the order has not gone through and should either be refunded within 24-48 hours or processed successfully. If the charge reverts, you can place the order again. If the order processes, you'll get a confirmation email soon."" is coming from when we haven't confirmed if they've been charged yet. It doesn't make sense to say that without asking if they were charged. We can definitely use this but we should've asked first if they were charged or not before adding that (if-so rule).

For next time, we can say: 

Good question! Just to be sure, did you receive a charge on your account for the said item/s? The reason why I'm asking is I don't see any recent purchases from you on my end. Can you check your spam/promo folders too? Sometimes, our confirmation emails go there!

And if you were charged, is it pending or posted? If it's pending, the order has not gone through and should either be refunded within 24-48 hours or processed successfully. If the charge reverts, you can place the order again. If the order processes, you'll get a confirmation email soon.

This way we would've covered all of our bases."
018f7c97-005e-4aad-f000-00007d9234f4,
018f9c8e-8144-44cd-f000-00007496f8e9,"""I'll get back to you as soon as I answer."""
01901948-4593-403b-f000-00005ad3fd86,The brand's tone preference is casual. 
018f0bfe-537f-4d5b-f000-0000864474ae,
018fe3d7-9da5-401f-f000-00008b91e174,Typo- The be matched with the products that best suit her concern.
0193d769-8b55-42bc-f000-0000188c897b,"""Grammar:
- Transitions should clearly connect ideas.""""With this"""" is vague. Remove """"With this"""" and rephrase: """"We offer shipping options...""""
- The sentence """"we will pack the package for delivery"""" unnecessarily shifts to future tense.

Credible Source - This is not information provided by the brand """"If one day shipping isn't offered, this means that we need additional time to ship the package to your location."""""""
0191abef-c393-4b29-f000-00007918f7b6,
018fc18d-2807-4a2f-f000-00008abd5ad8,The tone we used was was not formal as required by the brand.
018fa126-ebe1-40fe-f000-000080cbb626,"Cx was just asking if agent will be at the store. We could've answered with no, and told the cx that there will be other staff members to assist them."
019283d8-d0ae-41df-f000-00009b7abb62,"Correct Grammar: 
1. The first sentence incorrectly combines two independent clauses with just a comma. ""Thanks for the screenshot, may you please submit..."" should be """"Thanks for the screenshot! Could you please submit..."" 
2. ""that is unable to return"" is unclear. It should be ""stating that the return is not possible"" or ""that it's not possible to return""
3. The URL link should be followed by a period or punctuation.
4. ""If you'll get a message"" should be ""If you get a message"""
01932782-064f-4187-f000-0000012a5eb9," Please don't say ""good question"" to the customer only to then follow it up with bad news. Set the right expectations with tone - we should've instead opened with an apology."
0190dbc9-9a11-49e1-f000-000090903adb,"Repetition: Please make sure to do some backreading before sending out templates, as it’s highly likely that a previous agent has already used or sent it to the customer. We repeated the template word for word here. We should have paraphrased it or used some tools to help rephrase the content to avoid redundancy. "
01994302-12ea-41f6-f000-0000d7e17477,"Typo & Template: 
- We mentioned that the code is valid on select styles only, including new arrivals when we meant to say """"exclude"""" 
- We should've also provided them all the info about the code and send the cww template so they know all the exclusions. "
019c3e79-d5a4-4014-f000-0000968035e7,"Discount Upsell & Repetition: The link we sent is the same link in our automated text; we also sent the entire sentence from our automated promo tex word for word - we could've rephrased this. Also, the code we sent will not apply on the link we sent since it's discounted and the code only works on full-priced items. "
018f4a5c-0e88-4ec3-f000-00005f32a033,
01918ce3-8d2f-4f87-f000-0000958a2c11,
0190569f-2185-4a8b-f000-00006cf4a0e5,"Tone: The tone preferred tone is casual. 
Empathetic: The CX mentioned that their mother is in hospice and we didn't acknowledge that at all -- we should have empathized here. "
01912359-90de-4207-f000-00006f8353b5,"Understandable message: ""But I can check this further for you! Can you tell me what product you're looking to purchase?"" -- this bit makes the message quite confusing. Especially since this is something we can't exactly assist the CX with and we'd be redirecting them to CS anyway."
018f58fc-aed0-4cd3-f000-00008843c2af,
0199cf72-ba61-4af3-f000-0000027cb5a1,"Repetition & Empathy: The previous agent already sent part of the 'How will I receive my refund for my return/exchange?' template and we repeated sending that part word for word. Our response also lacked empathy, especially since the customer expressed that they're disappointed. "
018f5529-23e3-40ae-f000-00005a35e8db,
01905627-132e-4e0e-f000-0000062d8228,
01920374-b259-40fe-f000-000099db8301,
01908993-e4f6-4595-f000-00008814b303,"*Notes -  Use ""we"" instead of ""I""

*Tone - ""I'm sorry to hear that the Pikolino sandals"" - This sounded like Pikolino is a name of a sandal when it's the brand's name. It's also Pikolinos and not Pikolino. We can say: ""We're sorry to hear that our sandals...""

We can also add something like: Our team works on providing options for our customers so we'll definitely pass this along to the team to consider narrow sizes in the future."
018ebf2a-276a-45aa-f000-00007dc994c2,
01903278-04c9-4457-f000-00008d4da994,
0199250d-ac0e-4f14-f000-0000d608dbba,"No repetition: The messages are a day apart. We could have reiterated the information we shared instead. 
Customer Profile: There is a new update on the tracking info which we also could have shared - https://prnt.sc/X_EIIkgFSVAh "
0190d827-1bc3-4ca2-f000-000090c8b952,
018ec473-f89b-407f-f000-0000326be19a,missing a punctuation mark
01901780-3102-4288-f000-00002cc8dc61,"*Tone - ""I'll be in touch."" sounds casual. To make it a bit more formal, we could go with ""I will keep you informed."""
0193b630-5bb7-411c-f000-00007cfd371a,Empathy - We could've started our message with an empathy statement because the customer is already very frustrated.
018f9725-00df-433a-f000-000089f091e2,
01918f1e-5ed0-42e1-f000-000029b9cc1d,"""ET - We don't need a screenshot - The discounts are auto applied. 
Side note: Whenever asking for a screenshot, specify what you need a screenshot of. 

Partial Reply - We just need to inform them that need to add the item to their cart and the discount will autop apply - Since the promo is for Up to 50% off not all items will have the highest percent of savings. 

Website - Always check on your own end to see how the code or discount will come up in the cart before involving the customer in any troubleshooting. 

Understandable Message - Please avoid using internal jargon in messages sent to customers. Instead of saying """"so I can assist you better in troubleshooting?"""" we simply say """"so I can assist you better"""""""
0191e98a-5567-4f95-f000-00009923b8f2,
018efc5b-7bb1-4dd9-f000-00006c6443de,
018f7c53-9247-4926-f000-00000ffaa400,
019120f1-a417-496c-f000-00009337b186,
0191765a-fe1a-4886-f000-000091f9e186,
0191d754-ff9e-473d-f000-000096a41ee7,"""Grammar
Comma: The phrase """"Thank you for your purchase and I'm sorry for the delay"""" connects two independent clauses without proper punctuation. A comma after """"purchase"""" is needed to separate the two clauses.
Corrected: """"Thank you for your purchase, and I'm sorry for the delay.""""

Incorrect use of preposition:""""waiting for my team on the update"""" The preposition """"on"""" is incorrectly used. It should be """"waiting for an update from my team.""""
Corrected: """"I'm still waiting for an update from my team.""""

Missing conjunction: """"rest assured when I hear from them"""" is missing a conjunction to link it with the previous clause. Adding """"but"""" before """"rest assured"""" smooths the transition.
Corrected: """"but rest assured that when I hear from them...""""

Run-on sentence: The sentence """"rest assured when I hear from them I'll get back to you as soon as possible"""" is a run-on sentence due to a lack of proper punctuation or conjunction between clauses. A comma is needed after """"them.""""
Corrected: """"...when I hear from them, I'll get back to you...""""

Missing """"that"""" after """"rest assured"""": To be grammatically correct, """"that"""" should follow """"rest assured"""" to complete the idea.

Corrected: """"...rest assured that when I hear from them...""""

Empathy - Our response was not delayed + we had just escalated the conversation. No need to apologise for a delay here. The customer was just summarising what needed to be done."""
018f879b-dc08-4c5b-f000-0000618a5d31,
01978a78-e32f-4baf-f000-0000a36ac0cf,"""Grammar - There are multiple grammar issues here:

- “opt for one-time purchase” → missing article, should be a one-time purchase
- Unnecessary commas before before adding it to your cart and in order to avoid recurring shipment
- “avoid recurring shipment” → missing a
- Slightly awkward: “call this number 888…” → better phrased as call us at
- Comma splice in the last sentence: “Please let me know if you have any questions about our products, I’m more than happy to help…” → needs to be split into two sentences or use a semicolon

Please review responses for comma usage and missing articles, thank you!"""
01900358-2db3-4dff-f000-00007df391bc,This info was already provided if we backread. 
01936655-7e11-4f66-f000-000053f9cb15,"Grammar - The sentence “May I know how can I help you with that?” is incorrect because it uses the wrong word order for an indirect question. In indirect questions (those introduced by phrases like “May I know”), the subject (“I”) should come before the auxiliary verb (“can”), not the other way around. The correct structure is “May I know how I can help you with that?” Direct questions like “How can I help you with that?” follow a different word order, where the auxiliary verb precedes the subject. This distinction ensures grammatical accuracy and clarity."
0193a7fe-e6cf-4b12-f000-0000959e817e,No Repetition and PR - we sent the same exact text we sent initially. We should've rephrased and added that we don't have a coe at the moment
018fe9dd-14c7-47bb-f000-00008b7d8626,We could either thank them for their purchase or apologize because the code did not work on their first order. There is also nothing on the notes that say we should refer to CS for retroactive discounts.
01959f3c-9050-4c07-f000-0000b670b824,No Typo - This is very confusing to the customer. Always double check your draft before sending your message.
0190d684-fdf8-4ffe-f000-000051072e59,
0191ebba-025e-4cd8-f000-0000994c182d,
01938a5f-4da1-4ff5-f000-0000a2d6a770,"Correct Grammar - Instead of saying ""your purchases are for pre-order, with an expected ship-out date of the 5th of February."", we can say or phrase our sentence like this ""I can see that your purchase have pre-order items with an expected ship out date on the 5th of February"". "
01906117-b627-4d3c-f000-00008426594f,"Sending the right link would have avoided all this. There was so much back and forth, and repeated the same thing over and over again about searching for the products on the website."
01949681-d5fd-45dd-f000-0000a2e8158c,"""Grammar - The grammar error in the sentence relates to word order in indirect questions and follows the rule of subject-verb inversion in interrogative sentences.

In direct questions, the verb typically comes before the subject (inversion), such as:
	•	“How many pieces per pack would you like to purchase?”

However, in indirect questions (questions embedded within a larger sentence), the subject precedes the verb, following standard declarative sentence structure:
	•	Rule: In indirect questions, the word order should be subject + verb, not verb + subject.
	•	Correct: “May I know how many pieces per pack you would like to purchase?”
	•	Incorrect: “May I know how many pieces per pack would you like to purchase?”

This error happens because the phrase “would you like to purchase” retains the word order of a direct question instead of following the structure for an indirect question. Correcting the word order aligns with standard grammar for embedding questions within sentences."""
018fc704-9de6-49ff-f000-000085046725,"The customer's inquiry wasn't about whether you would hear back from them, but rather whether you would hear back from the team during after-business hours. Our response here was confusing and altered the meaning, especially when we stated, ""it's unlikely that I will hear back from 'you' today."""
0191fb20-5066-48bf-f000-00008c178f56,"Grammar - The message is friendly and positive; however, the phrase ‘Did you come right with your purchase?’ is awkward and not commonly used in US conversations. This could confuse the customer. A more natural phrasing, such as ‘Were you able to complete your purchase?’ would improve clarity and better align with US conversational norms."
018f598e-222e-4778-f000-00002806ef2c,
0191763b-a55b-40af-f000-0000926d7020,"We made two mistakes here - (1) We're missing a period at the end of our last sentence and (2) respectfuly should be spelled with double l's. 

Additional note: While there isn't anything wrong with the details we shared with the customer, we should be mindful of our tone. The lack of empathy or acknowledgement sentence here made our response sound dismissive."
01975f6e-8ff3-489c-f000-0000c7b0901c,Empathy - We could have added an apology or acknowledged the time that the customer spent (or still spending) waiting for the team's response here. 
018f8c8f-fc37-4c29-f000-000089bc89d0,
0191f290-e2f2-4001-f000-00002d1c4f33,
019194af-98d3-48a8-f000-00008d27fa16,
01901cc2-8fb4-4985-f000-00004771738a,"Upsell: Could've told the cx that it's worth the wait.

Typos: ""I don't think do"" and used "";"" instead of just ending the sentence with a period."
018fee90-9cf5-4a65-f000-00008af60ae1,We just acknowledged the customers issue but did not ask for more information or offered a solution. This came off as dismissive.  
0191295a-0741-4413-f000-0000936be66c,
0199b058-fe4d-4a87-f000-0000d2e43466,"Understandable: 
1. “Thank you so much for reaching in!” the standard english/US expression is “reaching out.”
2. “in sizes 7 and more” is unnatural in US language, it should be “sizes 7 and up” or “size 7 and above.”
3. 1 Spelling error - “availble” should be “available.”"
0197fa7a-95c5-4a1c-f000-0000cd90ecfb,"No Typos: ""Tea"" is a completely different word from ""team"" which changes the meaning of the message and impacts clarity. Moving forward, please read through messages before sending and double check any gray area words. "
0190fa68-df91-4d09-f000-0000919ee81d,"Tone - This brand wants us to be certain with the things we say, highlighted by the note "" Don't say words like ""I'm not sure, or certain"" "". I understand that we're sharing our personal opinion here but using ""I believe"" makes us sound unsure. We can be more certain by simply starting with ""This saucepan..."".

Company Profile - The cx made a mistake and called us Greenwich instead of Greenpan. Instead of correcting this, we said the same thing in our message. "
018fb109-2802-4ef8-f000-00007cf325d4,Could've personalized and indicated that the price depends on the size of the pillowcase.
0196e4ab-e63c-4ec0-f000-000079deef18,"Partial Reply: The customer mentioned they were previously told they could cancel the order due to a delay, and now feels misled. This suggests they were already in contact with someone who told them they could cancel. We should have acknowledged this and either clarified the situation or redirected the customer to CS for a resolution.

Empathy: We did not acknowledge the customer’s frustration or offer an apology when they clearly expressed they were being lied to."
01903c94-2546-4877-f000-00008d60af10,The brand's preferred tone is casual.
019b6bfb-04dd-442f-f000-00000221bf82,"Understandable, Credible Source & Restock Question: Our message seems to be confusing. We said the coat is only available in brown, but then sent them the black version and asked them what they think - and it was also out of stock. Rather we should've been transparent and told them the black version is out of stock but they can sign up for restock notifications - then sent an available alternative, we should never send an out of stock option as an alternative. 
Also be careful with wording - the coat is also available in white, so it was not just brown. "
019079e1-031f-4c4d-f000-0000851dc584,"""No problem"" isn't an appropriate response to ""Will do"". We could've said ""Got it!"" or ""Alright!"" instead. "
0194159f-2fdf-4282-f000-00000a7c5587,Empathy - We could have included an apology here since it's been almost a month since they place their last order. 
01910503-777b-4383-f000-00009229aa58,Not a markdown but please make sure to always check for proper capitalizations
018f968e-3531-4898-f000-00008723f288,
018fc99a-a04a-4843-f000-0000070ef064,
018f4e89-d76d-4050-f000-000063bf4620,
0194d209-9f52-4ba3-f000-0000a6abf98d,"Correct Grammar:
1. ""log-in"" should be ""log in"" (no hyphen needed when used as a verb)
2. ""finding"" should be ""find"" for parallel structure and consistency with ""find"" earlier in the sentence
3. ""yu"" should be ""you"" (typo)
4. ""We appreciate your patience in waiting for it to ship out,"" should be a separate sentence

QN: We already greeted the customer - no need to say hi again"
019201d7-1885-44bc-f000-0000834a42b2,"Check out page - Code COMFY15 is an invalid code
- They already the best deal applies to their order - A 30% discount because they're getting bundles. 

Grammar: 
Incorrect Preposition: The phrase """"can be used to first purchase"""" should be """"can be used on your first purchase."""" The preposition """"to"""" is incorrect, and """"your"""" is missing.

Corrected:
""""Thank you so much, can you confirm if this is your first purchase? This coupon can be used on your first purchase on our website."""""""
0191a5b5-f69a-411f-f000-000029bdb462,"Grammar - We have a few grammar mistakes here: 

1.	Comma Splice: The sentence, “Please clarify for me how I can help, do you have any questions about our products?” incorrectly uses a comma to join two independent clauses. This is known as a comma splice. It should either use a period or a semicolon:
	•	Correct: “Please clarify for me how I can help. Do you have any questions about our products?”
	•	Or: “Please clarify for me how I can help; do you have any questions about our products?”
2.	Awkward phrasing: The phrase “clarify for me how I can help” sounds awkward and unnatural. A clearer and more straightforward alternative would be “let me know how I can help.”
3.	Repetition of “help”: The word “help” is used twice in close succession, which can sound repetitive. Changing “I’m happy to help” to “I’m happy to assist” reduces the repetition."
0193c629-c8be-454e-f000-000001071713,"Typo - They still offer one-day shipping - They don't offer FREE one-day shipping. Be sure to proofread. 
The missing word changes the meaning of the message"""
019bf694-b2e3-4154-f000-00006720e445,"Credible Source, Website, & Understandable - New arrivals are new product launches. Also, the website says members get 50% off new arrivals: https://prnt.sc/9IWtB6yWMaGg "
0190dc03-1d38-4552-f000-00005f40f199,"Typo: Agent typed ""Thanks for getting this to you attention!"" I'm assuming you wanted to say something like ""Thanks for bringing this to our attention."" Be careful of typos, sometimes typos can make the message barely understandable. "
018f887d-0b22-4065-f000-00003397dadd,
018ff492-5837-43e5-f000-00008bfee591,"Personalisation - We want to ensure our messages account for all previous interaction. We asked the customer to share the screenshots but the template we shared negates what we told them to do ""Please do not send images via text as we cannot view them."" We can either remove this bit from our message or apologise for the confusion caused.  "
018f0343-f44d-4df1-f000-0000860086f3,
01927356-732f-49bb-f000-00009c4ae471,"ET - They stated that the order was already placed + it's only valid for first time orders.
Troubleshooting won't help since the order is already placed. We need to start moving to an escalation by asking for their order details to see if it can be applied retroactively.

Grammar: """"Confirm"""" should be in its base form, not """"confirmed.""""
""""Were"""" instead of """"you're"""" is needed for past tense."
01902d2d-71a9-45fa-f000-000003f49daa,We just repeated the template that the previous agent already sent. Please be careful and always read your drafts.
0190932d-5cbe-4f9a-f000-000009f86b52,
01916155-3902-46d4-f000-00001d8b5d0f,The brand's preferred tone is casual. We can say something along the lines of: You can check our bestsellers here!
018feacc-ae77-49da-f000-00008a8afa78,"This was a really good response! However, there are a couple of areas where we could improve continuity. First, we greeted the customer with ""Hey Pennie,"" but then started our response with ""Hi Pennie"" again. It’s better to avoid repeating the greeting. Second, the customer mentioned that they had already emailed us at the beginning of the convo. Instead of asking them to send an email, we could have personalized the CS template here and asked if they sent it to the correct email address."
018f3e86-0540-4400-f000-000087eb6044,
018f8809-5ae8-4022-f000-0000899f56fc,
0193cc63-4d25-4a94-f000-00004eae613d,"Tone - The brand's preferred tone is casual. Our response here is too formal. 

QN: Our sentence here is incomplete: ""since our times are mon-fri..."" We could have said ""since our office hours are..."" instead. Let's be sure we're using proper sentence structures at all times. "
018ec37f-b873-418d-f000-000080e6fe89,
018f2552-be4e-4798-f000-00005b88f3ae,
01934cb7-ea69-4a2b-f000-0000a3164e71,"Check out page - We needed to create a cart first and see if they code works as designed before asking the customer to send items. 
 
Empathy  our message comes across as rude + dismissive because it starts with ""As I previously mentioned."" This phrase can make the customer feel as though they're being scolded for not paying attention, which is never ideal in customer service."
018ec97b-3248-4dd6-f000-000084d25e86,
01912f78-9acb-4396-f000-0000591b43fe,
018f9e3d-5458-492e-f000-00006c368fc8,"""Tone - The tone is too casual for addressing a serious concern related to a lawsuit and potential deceptive practices.   Empathy - We also failed to acknowledge the customer's frustration. There is no indication that we sympathise with the customer's dissatisfaction We need to makes sure to acknowledge the concern, reassure the customer and maintain a professional tone for a sensitive topic. We can say something like this: """"Thank you for bringing this to our attention. I understand your concerns about our sales and the class action lawsuit. We take these matters seriously and are committed to transparency and fairness in our pricing. We always aim to offer genuine discounts. I'll check with my team about the specifics and get back to you.""""  Personalisation - The response is very generic and could apply to any customer query. It does not address the specific issues raised."""
0191f7c0-7cec-4b10-f000-00008bc39e23,"""Customer Profile - All their orders show they are on a subscription. """"3-month plan""""
Conversation - Their messages was also in response to the automated message that we had sent them - """"Thankfully, your next shipment is about to arrive...""""
ET - No need to confirm this. We can simply get their email address and start moving 

Grammar: """"If the recent shipment only, I can check if that's possible.""""
Issue: This sentence is missing a subject and verb in the first part. """"If"""" clauses typically need a subject and verb following them.
Correction: Add a subject and verb to complete the conditional clause. Example: """"If it's only the recent shipment you're referring to, I can check if that's possible.""""
- """"Just to make sure, are you trying to cancel the order alone or the whole subscription?""""
Issue: The phrase """"the order alone"""" could be clearer. It might confuse the reader since it's unclear what """"alone"""" refers to.
Correction: """"Just to clarify, are you trying to cancel only the order or the whole subscription?"""
018fc569-5fc7-4ae4-f000-00001fca08eb,
018f87a9-4742-4762-f000-00003b2035b3,
01920734-742a-44a3-f000-00008da7fbe8,
0191142a-bac0-499a-f000-000034f82ffc,Weird punctuation marks here. 
019199df-324a-4927-f000-000093812a8b,"ET: shouldve asked where the cx got the code from
No repetition: repeated what the previous AI sent almost word for word"
0192111c-f850-43df-f000-000099f84735,"Partial Reply - We failed to acknowledge or respond to the customer's question: 'Why doesn't it make that exclusion when they tell you about the discount code?' This should have prompted us to review the conversation and verify if the exclusion was communicated. If not, we should have investigated why it wasn't mentioned, as it might not be accurate.
- A final sale item is a product sold with the condition that it cannot be returned, exchanged, or refunded. It does not mean it is heavily discounted. The product is not even marked as discounted. While the incorrect information was communicated by another agent, we still need to do our part in the conversation. Double-check, back read and research before sending out a message. 

There order qualified for the code they were trying to use. This customer needed to be apologized to and the conversation should have been escalated to see if the code could be added to their order. 

Empathy - We failed to address the main concern: The customer is raising a serious allegation of ""marketing fraud,"" but the we completely ignored this and responded with a generic apology. We needed to acknowledge the customer's specific concern and provide a thoughtful response

We repeated ""Thank you"" twice in the same sentence, which feels redundant, irrelevant and lacks genuine empathy.

Misaligned tone: The message tone is overly casual and dismissive given the gravity of the customer’s claim. The customer is frustrated, yet the response doesn't match the urgency or seriousness of the situation.

Vague resolution: ""Let me know if there's anything else I can help you with"" is vague and shifts responsibility to the customer instead of addressing their immediate issue."
0190cbd8-846d-4422-f000-00003d00a1b2,
01901c35-1c87-4aa0-f000-000078280865,"No empathy in the response. You can start by saying ""My apologies for the delay, and I completely understand your frustration."""
0194ade9-88e1-44b5-f000-0000ad019670,Empathy - You could've at least apologized for the confusion and the different info provided here.
018f3580-f906-4a13-f000-000087aebc3c,
018f5e5a-853b-4fac-f000-000078d0e161,
0193cbaa-e1f9-4539-f000-00007db67ce0,"We also could've apologized for the inconvenience here. Let's be sure that we're communicating and matching our response with the customer's current experience. This way, they're able to feel that we care and want to provide assistance as best as we can. Since the customer is having issues with pricing here, it's appropriate to apologize for the inconvenience they're having or experiencing. "
019ae07e-32fc-4414-f000-0000eaa56ee8,"Typo: The typo skewed the meaning significantly. The date should be 11/25, not 1/25. Please be careful moving forward. "
018ec4b4-bb4e-4e22-f000-00007f4f55a8,
018f59b6-0eb3-4590-f000-000087218498,
019093d4-b52d-4c44-f000-00006bb71bd2,
019167b5-1231-43b0-f000-000093de576c,
0190947e-ecbf-4799-f000-00003ba8d0a0,"Personalization: The CX already mentioned the error message that they received so there's no need to ask ""Any specific error you're getting?"". Always make sure to double check and modify the templates to fit the conversation flow."
018ee3b7-5b44-4d55-f000-00007f940fcc,
019018a5-cf98-4958-f000-000050527d0c,
018f6569-c5c9-4ae9-f000-0000820639cf,
018f697f-c8eb-4b28-f000-0000854e5506,
01901a05-17a2-447b-f000-00008cc5b36a,"The response was all over the place - on one hand, agent was saying that they should just place the order; on the other hand, agent said that they suggest waiting for the team's response. Agent could've just used the ""cancel order"" temp (to get the details) and geared for escalation. Also, no empathy given at the start of the conversation, and just proceeded to start answering the questions."
0195aedf-867d-40ab-f000-000012c36345,Empathy: The customer ordered with 1 day shipping and has been waiting for a week. We should've apologized. 
01904a7f-1e6f-40a1-f000-00003ab48d0b,
018ed8f4-7574-470d-f000-0000359f3448,
01967d11-074e-4183-f000-00009a6617cd,"Understandable: Our message came off a bit confusing here. The customer was looking for copper, and we said we didn’t have it, but then suggested a shade that actually is considered copper or copper-adjacent by the brand (On the Money). Since that shade fits what the customer is looking for, we should’ve just presented it instead of saying “I’m afraid not.” Plus, all the shade names use adjectives anyway, so calling it ""fiery copper"" would’ve made sense.

Partial Reply: The customer also explicitly asked about the full range of color-depositing masks, not just copper. We only responded to the second part and missed the chance to highlight the full selection. A better approach would’ve been to first answer their question about all available shades (or link to them), and then recommend the copper one."
0194d70b-69bf-46e7-f000-00005da94ed0,"Typo: Not sure what an ""unage"" is. I'm assuming you meant ""image,"" but this changes the meaning of the conversation."
018fb83b-8982-4545-f000-00008aa80f3c,We could've responded in a polished tone without the necessary formatting of a formal email
0191d25e-c926-4d11-f000-00001601b2b7,
018f35b2-d62e-4923-f000-00000d38007c,
01915715-5d8f-4844-f000-000092fc397e,
01907c64-7a34-4ad9-f000-0000451c01cc,
01931d72-d0f6-40a5-f000-0000a1bad5c7,Empathy and Promo Code - we didn't show any empathy when they shared that they're recovering from an injury. We also should've directed them to our Last Sale collection for discounted items
0192e4d3-27a6-4804-f000-0000486a168f,"ET: We should not expect customers to remember the exact names of items they're asking us to help them find. They've provided enough information for us to identify what they're referring to. In this case, they are looking for the Christmas 2024 shirt and toddler set. On the website, there's only one collection with that name, and it contains very limited items. Therefore, we shouldn’t ask customers for more details when we can figure it out on our own. We should just send the closest items to their description and ask them if those are the ones they were referring to.

Link - Relevant Item: We sent the correct toddler set, but the customer specifically asked for a """"shirt,"""" and we mistakenly sent them a dress. The shirt is available within the collection here: https://www.reynspooner.com/products/hawaiian-christmas-2024-abby-top-spooner-kloth?variant=41485954351188

Grammar:  
1) """"I understand you're looking for two items, let me help you.""""
Correction: I understand you're looking for two items. Let me help you.
A comma splice error occurs here because two independent clauses are joined incorrectly with a comma. Use a period or a conjunction like """"and"""" to connect them properly.

2) Do you know the name of the item by any chance? This will help me look for the item easily.
The customer is looking for 2 items - Plural.

3) """"let me know if this are the items you were looking for""""
""""This"""" should be """"these"""" to match the plural subject """"items."""""
018f58d6-c44f-454a-f000-00003d5b8fb9,
018f372f-18ea-4fc7-f000-00006093b69f,
019055ee-f57b-4104-f000-000036bc9951,"Empathy - We want to make sure to demonstrate empathy when the customer mentions they are facing issues are any trouble. We can simply say ""I'm so sorry about that. What seems to be the issue, I'm happy to help."
0190959b-cb0c-45a9-f000-0000902f0ec7,"*Typo - ""another another"" / I guess we meant to say ""order another"". Please proofread our responses before sending them.

*Partial Reply - I understand that we interpreted it as the cx wanting to place a separate order and use the code again. However, the cx's request could also be wanting to edit the order and add the S9985. We could've sent a personalized ced temp here."
018ecdae-2252-46a4-f000-000028d2e80a,Provided the same code the cx was having issues with
018f5a17-139e-49e0-f000-0000536ec865,
019210f3-f869-4b45-f000-00000d072f6f,"Grammar: There should be a period instead of a comma after ""support,"" and ""That"" should be lowercase in the second sentence. It should read: ""We do have sale items that you can take advantage of right here: [link]"""
0190500b-5dc5-42b6-f000-00008b79e895,
018f82a7-2e20-409e-f000-0000788c6352,
01976511-243e-465f-f000-000014422e7b,"Typo: We repeated and sent an entire sentence without proofreading ""you can check out our sales collection here: You can take a look at our sale collection here:"""
01915be8-937f-4abc-f000-00003785f7b4,"Empathy - We should avoid saying, ""I'm really sorry to hear you feel that way,"" as it can unintentionally come across as dismissive of the customer's emotions. Instead, use language that directly acknowledges their concerns, ensuring they feel genuinely heard and understood. 

Update from Dec 2023: https://attentivemobile.slack.com/archives/C05AMGZQFA8/p1703181921348599"
01988055-7d0d-4b4c-f000-0000cf9594e9,ZTP Personal Information - We do not ever send the order confirmation link without confirming the customer's order number and email address. Please check this - https://superhumankb.space/viewer.html?id=1-xCyJdTC-vOhEbdAUCeZIQg7zTjutrMJys0ESLvhybY&type=doc&title=Personal%20Information%20Process
018f370c-7a47-46f3-f000-0000875de7d5,
018f9c61-377c-4eb6-f000-000087ff37d2,"""wht"""
018f50f2-d612-4a25-f000-00002ec48025,
019104cc-21b9-468a-f000-000062e47328,"Typo - viable > available. This completely changes the meaning of the sentence, so make sure to proofread our responses carefully."
0192d5dd-50f3-46a9-f000-00009aac14d9,"Correct Grammar: The sentence ""I'm sorry for the experience that you have, let me help you"" is grammatically incorrect. ""I'm sorry for the experience that you have"" and ""let me help you"" are incorrectly joined by a comma. This can be corrected by using a period or a semicolon. You can say: ""I'm sorry for the experience you've had. Let me help you.""

The phrase ""the experience that you have"" is incorrect and not reflective of what the cx was saying. You can say ""the experience you've had"" instead.

Also, the customer already indicated the concern: ""I can't get in touch with anyone about a preexisting order"" You can apologize for this, and assure the cx that you're here to help. Then, you ask for the details after assuring them."
018ee4b4-234d-4665-f000-000085138c66,
019170e8-93c2-4628-f000-00009375d0a9,"No Repetition & Personalized: If we backread, we sent the same template as the previous agent, word for word, without modifying it. "
018ebf19-000a-4a22-f000-0000845a821e,
0193e542-668a-4c36-f000-000067fd8974,We need to translate all our texts to the language the customer is using with us by using Google Translate. 
018ed8ed-96f9-4ad4-f000-00005b4a2e78,
0191d365-7cf6-442c-f000-000097cfca68,"""Personalisation - Notice that in the previous message we already told the customer they could reach out if they have any questions """"If there's anything else that I can do for you, please let me know.""""
Because we want to maintain a conversational flow as a unified front, it sounds repetitive to ask them if they need help again. """"Is there anything else I can help you with today while I still have you?""""

We can just wish them a good day. """
018f5a15-7bdf-4820-f000-000088901a3e,
01901797-d7e6-443d-f000-00008cb7c360,"*Typo - I guess we meant to say ""This store however is closed at the moment."". Please proofread our responses before sending them.

*Credible Source - The Sleep BedR Mattress wasn't closed at the time. We sent our response at 12:32 PM EST on June 14th, which corresponds to 11:32 AM CDT on the same day. They are open during this time every Friday. Please note that the store hours are in local time, with Edmond, OK operating on the CDT timezone."
0196faee-5248-449c-f000-0000c4f66dd0,"""Grammar - Comma Splice / Run-on Sentence:
	•	The phrase “Let me know if there’s anything else I can help with, and in the meantime, I recommend checking out this…” improperly connects two independent ideas with a single comma, making it slightly clunky and grammatically imprecise.
	2.	Unclear Reference (“this”):
	•	“…checking out this” ends abruptly. “This” is a demonstrative pronoun and should clearly point to a noun (in this case, “link” or “page”).
	•	Fix: Add the noun to clarify, e.g., “…checking out this link.” or """"checking this out"""""""
018fd618-dc1e-4e3a-f000-00005764c4d5,Preferred tone is casual. Side note: Lets refrain from upselling whenever there's still an ongoing issue that needs to be resolved. 
01905299-97f8-47a8-f000-000045f14cc3,Tone: The brand's tone preference is casual.
018fbc1f-5118-4582-f000-00008abae709,
01913d6d-9c3e-4885-f000-00007f8d9b3e,Tone: The preferred tone for this brand is casual. We could've been less formal with our response here.
0191434c-50ae-4ff9-f000-000093b3c14d,
0193285f-6b64-4dcb-f000-0000a2209636,Empathy - we didn't apologize for the negative experience
0198c7ca-a81b-4ee6-f000-0000010d1564,"Personalized: Wanted to mark this down under grammar since we said “I’m glad that they came in! I hope you like them” even though the customer only ordered a single $50 gift card which we can verify in their order history. However, this fits better under personalization because the issue is not just plural grammar, it’s that our wording wasn’t tailored to the customer’s specific context, making the response feel inaccurate."
01911426-f1f7-41d9-f000-000034f82ffc,Weird punctuation marks here. 
0192913f-ce1b-40cc-f000-000002d9b4f4,"Correct grammar - ""It can only done via our customer team. Can you share what email are you trying to use on the link I shared?"" --------> it can only BE done by our customer service team. Can you share the email YOU""RE trying to use? 

Let's be mindful of our grammar at all times and proofread our message before sending to make sure that we're not missing any words or inconsistencies in our response. "
018fe324-f161-42e6-f000-00008b487667,"We said ""I'm sorry for the trouble"" again. We can paraphrase or use a different one to avoid repetition. "
0191d8e7-13e5-47d0-f000-000097d76f7b,
0198c3a3-36b8-4844-f000-000015eff014,"Personalized and Customer Profile - If we look at the customer's profile, we'd be able to see that the customer placed an order in 2021. We could have shared this with the customer and personalized this brand's CWW template. "
019629f2-d28e-4399-f000-0000b53cef52,"Tone: Why did you just type ""pleasure"". You could have just said, ""My pleasure, I'll be here."" It would have conformed more to the ""polished"" tone. Now it sounds casual, and to be honest, a bit hard to understand. "
01937fd1-5f34-4e90-f000-0000a2af01e7,"Understandable Message: Our message was incomplete. We initially said, ""I'm looking for tables with exact measurements, but I also saw close ones like these,"" which creates some confusion by implying we're focused on exact measurements, yet then offering tables that don't match those specs. Instead, we should’ve said something like: ""I’ve found a few tables that might be close to the specifications you're looking for, though they aren’t the exact dimensions."" This would make the intention clearer.

Also, just a note, we missed a period at the end of ""think"""
019017a2-1ee1-498f-f000-00008a853031,"Great job on providing detailed and informative content in your message. However, the tone of your response was more formal than the casual tone preferred by our brand. Our brand aims for a friendly and conversational style. We also failed to empathize to the customer's complaint about breaking out.

For example, instead of saying:
""I understand where you are coming from, but it would be a good idea to first fully understand what purging means to our body. You can read more about it here: https://clearstem.attn.tv/aai1ranVUdqm Let me know what you think!""

You could say:
""So sorry to hear about the break out! It might help to check out what purging really means for our body by reading about it here: https://clearstem.attn.tv/aai1ranVUdqm. Let me know what you think!"""
0197a88f-8752-43ce-f000-0000b5ddbffb,"Repetition: We said ""In the meantime, feel free to explore"" twice back-to-back, which is repetitive 
Grammar: The final sentence structure is broken and missing a link"
0191c529-819b-4118-f000-000096999961,"Tone - We should avoid being too pushy when a customer has already mentioned that something is out of their budget, as it could come across negatively.

Discount Upsell - There was code WELCOME15 we could've shared with the cx."
01900e94-1a6b-4f18-f000-00007e59e761,"Please be careful with the sentence structures and grammar in our communication. For instance, instead of saying, “The discount code is a one-time use only,” it should be “is a one-time use code” or “is one-time use only.” Additionally, there should be no comma after “I'm afraid.” We will mark down grammar if we find two or more errors in tenses, sentence structure, or punctuation."
0198ecc6-57f4-41ae-f000-000009264d99,"Typo: ""and make sure to sign up on your account. Let me know how it goes."" It should be ""and make sure to sign in to your account."" Sign up and sign in are two completely different things, and this changes the thought of the sentence."
018fa041-9ed1-4e83-f000-00008a230f00,"Tone - We're still in the middle of the conversation, and the customer hasn't indicated that it's ending. To keep the conversation open, we should avoid adding closing statements at the end of our messages. Instead, we can say something like, ""Is there anything else I can help with?"" A closing statement would feel very abrupt in this context."
01963c11-fa63-48a2-f000-0000bd7a0e7c,Empathy - We could have added an apology here. 
019679b8-3b71-4f81-f000-0000b840a4d9,"Typo: There's two typos in this document. While it does not significantly change the intent, the message looks confusing and we could have completely avoided this by being careful."
0190efe9-26ed-4741-f000-00003b682fb1,
018ec9e9-23d7-4b28-f000-000084d293e2,"Not sure where they got this promo code (1318733575882908) but agent kept insisting they don't have a $15 promo code, yet was able to give the $15 code. Bit confusing."
019742af-ea42-4f32-f000-0000c80f2793,Personalize + Conversation + PR - Not sure why you mentioned the team here when it wasn't even brought up in the first place. You could've just asked them to check their emails for the code if it was sent there. You could also mention the SAVE10 code we sent above. 
01913939-e692-4ece-f000-0000917393c9,"Clarity: The message was confusing because of two things: ""you may or may not receive it"" was said without providing any type of context + you started talking about free shipping when it was never brought up. 

You could have answered this straight up using the information we have and the information from the website. You can say something like ""I won't be able to guarantee delivery date. However, orders will be processed within 2 business days of receipt of order. If you order now, it may be processed by August 14th, and from there, delivery will take 3-7 business days. The earliest possible time for the package to arrive is exactly on August 19, but again, I can't guarantee that."" You also added the free shipping piece, without context--cx did not ask about it. You could have phrased this better and said ""By the way, if it helps, we also offer free shipping..."""
018f9d09-3fe4-4f7a-f000-00002456e822,"""hang tight"" is not polished"
01968c9f-e3be-4fbc-f000-0000ae849c89,"Empathy - We could have added an apology here as well since it really looks like the customer is upset. 

(Additionally, we can also avoid using openers or acknowledgement sentences like thanks for letting me know when the customer tells us that they won't be ordering anymore. The tone of our response should be apologetic at the get go since here, it looks as if we're thanking them for not purchasing.)"
0190e08f-b7b8-47b9-f000-00001e7bc3be,"Correct Grammar: We misspelled the word ""werewolf"" twice here. "
01909a39-76d1-493f-f000-000090518cd5,
0194430b-afc9-4354-f000-00006a324c8e,Understandable Message and Promo Code - the customer messaged us in Latvian language so we should've responded in the same. We also have a sale section that we should've offered
0192260c-975e-4c1a-f000-0000734df542,UM - We did not respond in the same language the customer did.
0190043c-3ae5-4660-f000-00008c50762d,
0190237b-97ad-42de-f000-00008aad512c,
018ed891-a06c-4000-f000-00008522c6a2,
0190621a-c2c4-4eb9-f000-00008f3a7a1b,We can't tell the customer to feel free and choose the discount that has better value because the July 4th discount is automatically applied to their cart and they don't have an option of removing it.
01907a2b-1eda-47f5-f000-00008658554d,
01937031-6d6f-451e-f000-0000918fb78c,"We already used the phrase ""I recommend signing up on the product page so you're notified the second it comes back in!"" word for word in our previous messages. Please make sure to paraphrase so we don't sound robotic."
0190b3b3-9743-4eff-f000-0000856fd87f,"No repetition: It appears that the CX has been sending us ""info"" multiple times now and we've sent the same two msgs in response ever since. We should have switched it up a bit and encouraged the CX to expound more with what they needed info on -- a possible way to do this is attach a product from their browsing history and ask, ""Do you need info on this item? I'll be glad to answer any q's you may have about it!"""
018f9d1c-90d6-4a74-f000-000006fcfa11,"""thank yo"""
018f309c-2df1-414f-f000-00001992a3ff,
018f7a2c-1a39-4884-f000-00002ee53d0d,
0193bd1c-eb20-4dd4-f000-00006c585780,"Empathy/Promo Notes/Customer Profile - we should've shown some empathy for them missing the sale. The code we sent will also not work as it's only valid for first time users. If we checked their order history, we can see that they already made 2 orders before"
0190171b-7987-4831-f000-00006c4b500b,*Necessary Reply - We don't respond to photos unrelated to the brand.
01944744-4f1a-47eb-f000-00002fd258f4,Personalize - Earlier means a few hours or minutes ago. The previous agent sent the link 6 days ago. You should've specified the time factor here.
0190ae4c-4ef9-495f-f000-00008f18b9eb,*Repetition - We already asked if there's anything else we can help with in our previous reply.
01931e30-eae6-4dca-f000-0000a0ed3989,"We have a typo that changes the meaning of the sentence. We said ""Got it, if you're having any issues applying this code?"" It should be ""Are you having any issues applying this code?"""
0191caae-3223-4f51-f000-00007b4f54d5,
018f0d8f-9d62-46a7-f000-00008659356d,
019a931c-026a-463c-f000-00000891175d,"PR and Empathy - Since the customer was accusing us of fraud, we could have addressed it directly. While it's our goal to provide assistance to our customer, it's also iportant that we stand behind our clients. "
01959a4c-e92b-40b5-f000-0000b737bb16,"Typos
1. ""cna"" should be ""can"" 
2. ""our all of our"" should be ""out all of our"" or ""all of our"" "
018fa813-1527-4407-f000-000083b8e9f0,"""Personalised - Watch out for the automated text, if a certain opener was already used, we want to aboid starting our message with simlar ones """"Thanks for checking out our site"""" """"Thank you for reaching out"""" Use I and me instead of """"we' unless specifically stated.   Tone - """"we apologize for the inconvenience caused"""" = Formal """"If you have any further questions or need assistance"""" + Avoid ending message with closer - The conversation has just started we want the customer to engage - ask open ended questions instead. """
0196156a-e14e-4d99-f000-0000826b094c,Personalized - We should have translated our response to french here since the customer  reached out to us using that language.
0190a864-2b06-42cb-f000-0000902b6e01,"""Send a screenshot of what you're seeing."" sounds very commanding. We can position this in a way that we don't sound like this. ""Would you mind sending a screenshot of the error you're seeing?"""
018f87b7-5536-41ff-f000-000089a7c7a4,
018fd082-45c0-45df-f000-000084ba280d,"Grammar could've been improved - don't start sentence with ""Or"""
018fb090-cf66-471f-f000-000053243011,Didn't answer the question directly. Could've just referred to the last order (May 6) and provided the status for that
0190474c-b152-4b36-f000-00008dc47b2b,
019b7b40-3831-4b6f-f000-0000ec54d708,"ZT- Opt Out: The customer said a conditional opt out statement when they said ""I can block text and email if this is used for further advertising."" so we should've unsubscribed right away instead of escalating."
01900309-4646-41be-f000-0000246222a9,"When texting about products, please avoid copying and pasting directly from the website. It's better to personalize the message and vary the sentence structure to engage the customer more effectively. As an example, we could've said 'What about our Tarifa strap sandal with Velcro closure? Check it out here: https://pikolinos.attn.tv/arsvqfKGrBS4. It's the perfect model for summer and one of the key designs in the Pikolinos men's collection.' There are also multiple errors in punctuation here - The first sentence lacks a question mark at the end of the sentence, there should be a comma after 'flexible fit', and the last sentence should be 'Do you have any other preferences, like color or style?' to match the preferred tone of the customer. "
0198c834-dc60-44df-f000-000094b630cc,Intent + Understandable Message + GR - The customer was looking for a product named Bain de Terre. We could've sent them a general link to those: https://www.fragrancenet.com/search/bain%20de%20terre and we did not need to respond in French.
018ed86a-2b6e-47aa-f000-00006276d53b,
018f0320-c269-45e4-f000-0000552f8381,
019419b4-36ff-484c-f000-0000028709f9,"Personal Information ZT: We should not under any circumstances give out personal information to the customer if they have not shared it themselves. It's not our place to tell them the email due to privacy and compliance issues. They gave us the shipping address to cross-check but we can't see whether or not that matches the order because the order confirmation blurs out the shipping address. So if we can't see if it matches, all we can tell the customer is that there's a different email we see and that they'd need to reach out to CS for more info. Please review this document thoroughly: https://docs.google.com/document/d/1xlMn90npEmjAfIzE74GhofY5yAl8PUtADuj2ti7jE94/edit?tab=t.0 "
01999739-4d3f-47df-f000-0000da366544,"Typo: You typed ""Cl"" after the code, and this could be confusing."
018ff2a9-19dc-44d5-f000-00008ab21e0c,"This is ok but they said they wanted to start the return. We could have also added the ""How do I start a return"" temp."
0192eac0-4c32-4d4c-f000-00006bf162ad,"Grammar: 
1. Capitalization inconsistency: Some color names are capitalized ""Radiant Sapphire"" and others are not ""black"". It's important to be consistent, especially when referring to specific product names or colors.
2. We should've included a colon before the list of colors."
01991707-4e18-4a74-f000-0000d4dee61a,Personal Information: We should never send the order confirmation page without asking for the customer's email address first. It's important follow these guidelines to avoid any similar mistakes in the future: https://superhumankb.space/viewer.html?id=1-xCyJdTC-vOhEbdAUCeZIQg7zTjutrMJys0ESLvhybY&type=doc&title=Personal%20Information%20Process 
0192d842-56f9-46e5-f000-00008c32fb7f,"Understandable Message - The expression “If it helps” is typically used to offer additional or useful information. However, in this context, it’s misleading since it suggests assistance but then immediately denies the ability to help, which is contradictory and confusing. The phrase starts with “If it helps,” which usually signals that the your response is about to provide helpful or constructive information. However, the following statement denies any ability to assist, which directly contradicts the “helpful” tone implied at the beginning. This contradiction can leave the customer uncertain about your intent.

Empathy - Starting the response with “If it helps, I cannot help with issues like that on my end” may come off as indifferent or dismissive. The phrase “I cannot help with issues like that” has a blunt quality that doesn’t acknowledge the customer’s frustration or the reason they reached out for assistance. A more empathetic response would recognize the customer’s situation and offer a clearer sense of support or an alternative solution."
01977161-cb47-4325-f000-00003a656487,"Typo & Company Profile:
1. The customer was asking ""who"" and we didn't reintroduce our name by saying ""This is Jordan from Nekter..."" - saying ""this is from Nekter Juice Bars"" is awkward and incomplete
2. There should be no space in between ""Bars :""
3. The slash (/) in the end (wrong punctuation)"
018f5ae0-5bb0-4896-f000-0000873f3620,
0195157e-7d11-46c2-f000-0000b383c54e,"Preferred tone followed - The tone of this brand is polished. ""Got you"" is very casual."
0193a3b3-0ca9-41b7-f000-00002ff88320,Understandable Message - they texted in Spanish so we should've replied in the same language
0192cf51-e302-4850-f000-000059d118ff,"Understandable Message: The promo says ""40% off 1 full priced style + 25% off everything else."" You could have explained this better to the customer, and inform them that they can get 40% off the first full-priced item they have, and then 25% off on any other item they purchase. Please make sure your message is understandable - how you structured the sentence was hard to understand: ""Yes, the Zenergy items are currently priced at 25% off not 40%. and you get 40% off the highest full-priced item in your bag. Hope this answers your question."""
019341de-7dbd-490d-f000-000026a5af0a,"Correct Grammar: ""I'm still checking this to my team, I will notify you once there's an update"" is grammatically incorrect. You can say ""I'm still checking on this with my team, but I will notify you once there's an update."" Please make sure your Grammarly extension is always on."
01934cb9-ba54-43bd-f000-0000a0f1e2f4,"Typo: We sent three backslashes.
Empathy: We're missing empathy here. Although the previous agent already apologized for the inconvenience, the customer further expressed frustration and the threat of cancellation. The customer explicitly stated that if the issue is not resolved, they will cancel the order and buy from a competitor. We did not address this directly, which could be an opportunity to assure the customer that our team will be working hard to avoid this outcome, or at least give them the assurance that we will do our best."
0192cbad-ff5d-4a1b-f000-00009d003511,"Customer Profile/Conversation/Repetitive - we sent the exact same message as our initial text. If we backread, we can see that the code only applies to first-time orders. They already placed an order based on their order history which is why the code isn't working"
018f536f-5abe-443c-f000-000060969902,
019b9a57-8478-43f7-f000-00003f6f4d36,"Repetition & Template: We repeated the same information the previous agent already gave """"Please note that
if your order was delivered over 14 days ago, regrettably""""
Also there was no need to send the template since we are past the stage of where they would need to submit the claim, it's past the 14 days we cannot help you with damage reported outside this time frame."""" instead we should've just profusely apologized and reiterate that we can no longer help them. We need to structure our texts in a more conversation way. "
018f0b34-1b53-42e6-f000-00008633d52f,
018f7f75-29a6-45a3-f000-0000829afda4,
0190c664-f701-4537-f000-000091113c51,"No Repetition - We sent the exact same message twice. Let's please avoid doing this, thank you!"
0190f509-b3e2-42c2-f000-000091ad4142,Correct Grammar + No Typos - We lacked punctuations where they should have been and there are way too many typos here. Always make sure to review your drafts before sending them out.
0193894d-ecd5-4bd0-f000-000024123c0c,"Typo - Be sure to proof read your message for typos - the error here changes the meaning of the message """"when it's going to be available""""
We should have instead said """"I don't have information on how long it will be available for"""""""
01902def-ec4d-4156-f000-00008d3015cb,"Understandable message: Glad to know what? The cx just said ""Y"". You can just directly respond by asking them if they need any help. Alternatively, you can say ""Thanks for saving us in your contact list! How can I help?"""
01905098-b0bc-4416-f000-00007825fa19,"Issue ID - We did not answer the customer's question. 
- They wanted to know if they could use a code on top of free shipping 
- We sent them the free shipping template that educates them about the free shipping threshold. 
- We had to either confirm or deny what they were asking us. 

Conversation - It was really important to back read here:
a) they were referring to the free shipping offered in the 4th of july sale
b) the free sms bikini promo they were referring to was shared with them in a previous conversation https://dippindaisys.com/collections/free-swim-with-sign-up?utm_campaign=Concierge&utm_medium=sms&utm_source=attentive&utm_campaign=welcome-subscribers&externalId=nDJo7

Upsell - This was not the opp to upsell. The customer's question was not answered. 

Grammar: """"Perhaps you find something you like"""" should be corrected to """"Perhaps you'll find something you like""""
"""
018fb119-a6da-4f40-f000-00006de3877e,"Not sure why the response started with ""Absolutely."" Cx just resent a message we already sent them, plus a link."
019be188-6827-4426-f000-0000f4c064f5,"Partial Reply & Conversation: If we backread, we would see that we missed addressing this 'But it told me for being for signing up, they gave me 20% off if I gave my email and my phone number it did not say select items'. 

Credible Source, Website, & Typo: The code also won't work on the Wally Slipper in Argan Oil and the Wendy Slipper Hearts in Black/White because they're not part of the eligible items or link; we also misspelled this and said 'Wally' Slipper Hearts instead of Wendy."
0191f0ed-6a07-4c01-f000-00008f2daec4,"Intent identified, templates, and empathy: The CX needed help with a retroactive discount. Since we can't provide that for this brand, we should have addressed their concern and apologized or simply used the template ""Retroactive discount request""."
0193ca74-0030-4672-f000-00000108d907,No Repetition + Personalize - The same exact template was already sent by the previous agent. We should've personalized our response here by asking them if we've already reached out via the link we sent previously. Please make sure you backread the whole thread so you can avoid sending the same messages/templates to the customers.
0193042f-c2c1-4e5f-f000-000027079f8a,"Grammar - The phrase “open to” requires a noun or gerund (a verb in “-ing” form functioning as a noun) to complete its meaning. In English, prepositions (like “to”) are generally followed by nouns or gerunds rather than base-form verbs.

So the correct form should be: “Are you open to trying our hoodies?”"
018f59ad-caf6-433f-f000-0000438d9ce4,
019026de-6639-4e84-f000-00008c9c99d8,
018f5029-2081-41f5-f000-00006409b556,
019a40ea-ed65-470c-f000-00007f25f981,"Grammar: You said ""Capillus face mask? -"" without any context. You could have said something like ""Are you referring to something similar to our Capillus Face Mask?"" Also, since it's a product name, it has to be capitalized."
019c4dfb-5194-42bf-f000-0000fa60df67,"Customer Profile, ET, & Personalized: Sending the entire shipping template was not relevant because the customer chose overnight shipping. Their website states that expedited orders will be shipped the same day if placed before our cut off time of 12PM EST. Since their order was within the cut off time, we should've geared for an escalation by confirming their order details."
01940de7-07ca-43c6-f000-00008b024273,"Understandable - We do not use company jargons like ""escalate it to the team"". We say ""I've sent it over to the team"" or something similar."
018fb137-3850-4222-f000-00008a691561,"We could've added an apology here. If we back read, we'll be able to see that we repeated the exact phrase we sent in our previous message. "
0198a527-008a-448a-f000-00005fa4c17a,"Personalized: The customer was following up about a delayed order. While it was correct to use the ESC template and send them to CS (since shipping timelines can’t be confirmed without the method they chose), we pasted the template without adapting it to the thread. Using “Thanks for reaching out!/¡Gracias por contactarnos!” mid-conversation felt disconnected. Per the QA Guide, templates should always be tailored to match the customer’s situation and tone. We should be removing any info or text that does not apply. "
01932c6c-4516-4589-f000-00009e3a1124,"- We didn't send the full message - it cuts off on point 6. 
- Our grammar needs to be polished here. """"Let me resend it"""" and """"My message goes like this"""" are in the present tense, but if you're referring to something that happened earlier the past tense would be more appropriate. This would've been a better response """"I’m sorry about that. Let me resend the message I sent earlier. It was as follows:"""" we also forgot to put the ending quotation mark. "
0192445b-1258-4d44-f000-00009b4eed89,"Personalized and Understandable - the customer wasn't asking about what LED is, they're simply looking for LED TVs so there was no need for us to explain what it is. We also used technical terms that's confusing to the customer's end."
01937d63-db78-4605-f000-00005a94ccc2,PI: We should never send the order confirmation page without confirming the email address first - please be careful. This is highlighted in the Personal Information Workflow doc: https://docs.google.com/document/d/1xlMn90npEmjAfIzE74GhofY5yAl8PUtADuj2ti7jE94/edit?tab=t.0 please read through it. 
0190378e-95fb-4774-f000-000023ae3b6d,Another agent already mentioned this. 
019093aa-e291-4e20-f000-00009020c4dc,
01905595-9d1c-4bb2-f000-00008dcb3a16,"""Issue Id - The customer was asking what size bed frame they should get if they're getting a kind sized mattress. They weren't asking for recommendations
For king sized mattress they should get a king sized bed frame. A twin xl is simply a longer version of a standard twin.
Link - filtered - The link provided was for a queen-sized adjustable bed frame instead of filtering and selecting the king size, which was the intended information.
UM - The final sentence, """"Let me know how it goes,"""" seems irrelevant as it lacks context. Please ensure future messages or questions are clear and relevant to the discussion. Instead we can ask them what they think"""
01902cd0-8b96-4992-f000-00008d2869d5,"The photos the customers sent were not screenshots. Those are actual photos, please check your draft before sending them out. Also, we said back instead of bag here."
018fb639-73da-4ff6-f000-00008a96e1b5,
0198d349-1d3e-4b67-f000-000058339348,"Typo & Partial Reply: Looks like there was a major typo at the beginning of the message ""I understand your I totally understand the frustration "" also, if a customer is still waiting for a response, we need to remind them to check their spam and promo folders. "
01903718-6133-4fb6-f000-000029be4f21,
018f402c-02d9-49b4-f000-0000016003f1,
01915048-30d8-4d39-f000-0000041368b9,Should've responded in Spanish.
019098e6-c4e4-4934-f000-0000903d3948,
01917adb-72f1-4b2a-f000-0000628a73ad,"Conversation + Customer Profile + Website - This was an unnecessary question to ask. The customer mentioned twice that they had a Lancet Kit. If we checked on the Customer Profile, we can also see what they purchased. For Sneak Peek, only the lancet kit is the kit that needs a blood sample from the customer. The other kit will only collect DNA. Let's make sure we read the website so we can ask the right questions and not sound like we don't know the products that we sell. Please check this page: https://sneakpeektest.com/how-it-works/ It's the collection tube that the customer is missing. We should've geared this towards an escalation.

Grammar - The disarrangement of the words here changed the meaning of the whole sentence. Please reread your responses before sending them out."
0192689b-e03a-490a-f000-0000998abfe1,"Zero Tolerance: I understand this was an honest mistake, but saying 'I'm sorry to hear about your wife's cancer"" instead of acknowledging the asthma is a serious error. It's crucial to read carefully and respond accurately to the customer's situation, especially with sensitive topics like health. Going forward, please double-check details before replying, as this type of mistake can damage trust and the customer relationship."
018f4f6c-ccc3-43b2-f000-00001ff916fa,
0191d7ee-6351-4f16-f000-00006533d358,"Personalized: We shouldn’t have said, ‘Thanks for reaching out, Mark!’ in the middle of the conversation, since we were already talking to them. 

Understandable message: The phrase ""Is there anything else you're interested in while I check on that?"" is confusing here - what are we still checking when we've already provided a link?"
01928d61-2134-4785-f000-00004f825e09,"Repetition: We repeated ""our deals will always be shared with our SMS subscribers or on our website, so keep an eye out!"" word for word.
Notes: It says ""When a customer asks for a discount, send the 'app' template first."""
018f6991-faaf-4de0-f000-00006d95d0cc,
01916802-2f42-4f35-f000-000067315139,"Personalization - We don't have a product that's named S73, but we do have a replacement head (which is OOS) named 73S. We could've clarified with the customer if they were looking for this because us informing them that it is out of stock without clarifying gives the customer the idea that we have a product named 73S. Always make sure to address these nuances so we can make our customers understand."
018fe420-0995-48e1-f000-000020f65248,
018f2b51-f78e-48cd-f000-00008752ab97,
018ec9ba-a169-40f7-f000-000075c29623,
0191a3dd-dd2d-4138-f000-0000960d6b62,"Notes - Watch out for the notes 
Welcome Code:➜ Cannot be used for new products!

Conversation - The screenshot the customer shared shows that the item in the customer's cart is new https://us.elemis.com/elemis-travel-exclusive-kit.html
When creating a mock cart to check the code, replicate the customer's cart as well. 

- Also, our message has contradictory information. At one point we mentioned that we tested the code and it went through and towards the end we asked the customer to send us the code they are trying to use (which is already visible in the screenshot)

Grammar: Capitalization: """"sorry"""" should be capitalized as """"Sorry"""" because it starts the sentence.

Phrase Structure: """"for eligibility of the products"""" should be rephrased to """"for product eligibility"""" to follow proper noun phrase structure, making it more concise and natural.

Preposition Use: """"from my end"""" is less common than """"on my end."""" The preposition """"on"""" is the standard usage for indicating the source of an action or effect.

Redundancy and Clarity: """"If this continues to still not apply"""" is redundant. The correct phrasing should be """"If the issue persists"""" to avoid unnecessary repetition and enhance clarity.

Sentence Construction: """"for us to assist further"""" is less direct. The preferred structure is """"so we can assist you further"""" to create a clearer and more direct request."""
0193d5e8-26a5-4c47-f000-000020f1fae3,No Typo - The typo here changed the meaning of the sentence. Please be careful and always double-check your responses before sending them out.
0191ade7-681f-4a6c-f000-00009687b78a,"Repetition - The part of the text about ineligible items was a word-for-word copy of a previous agent's message; additionally, the issue is that they were buying with Prime and not that it was an item ineligible for sale."
018ecae9-874b-49c9-f000-000084eaf9f9,"Do yoou need help typo on ""you"""
01992165-0fab-4270-f000-00008f39e6c1,ZTP: We should have unsubscribed this customer. We Opt Out or unsubscribe customers who use conditional statements regarding unsubscribing. We didn't need to respond to the customer here. https://superhumankb.space/viewer.html?id=1lMrqnCotpslJTDQ8ycijuAwFpocK74TM0xXxxx3WqDg&type=doc&title=When%20to%20Unsubscribe 
018fe428-ce28-479a-f000-000020f65248,
0192e010-ba0c-48ab-f000-00009f337f8f,"Correct Grammar: ""If still the same"" should be ""If it's still the same"" 
No Typos:
1. ""certain onehave"" is a typo and grammatical error. It should be ""certain ones have"" - we're missing a space and the letter ""s"" for plural.
2. ""ecoomerce"" should be ""ecommerce"""
0195be60-0e70-477e-f000-00008987d9fc,"Grammar:
1. ""for this actually"" – ""Actually"" should be separated with a comma for proper flow (for this, actually.)
2. ""unfortunately, I don't have"" – ""Unfortunately"" should be capitalized since it should start as a new sentence (Unfortunately, I don't have)
3. There should be a comma before ""but our team"""
01997806-b429-480d-f000-0000c8a11f17,"Understandable: We should reply back in the same language the customer used, unless the notes state otherwise."
019529fc-a727-4f29-f000-0000a3525a1f,"Typos have a different meaning: 
1. ""Keep an eye out on out website"" should be ""on our website"" 
2. ""updated sizes for out boots"" should be ""updated sizes for our boots""

QN: The phrase ""but I understand"" is awkward in this context because it doesn't clearly connect to the customer's statement or provide a natural flow. "
0197ec08-1050-488a-f000-0000cdc9b661,"""Grammar - A few minor grammar errors here, but more than 2:

•	Incorrect capitalization (“Ready To Ride”)
Capitalizing “To” in “Ready To Ride” is a wrong because, by formal title case rules (like Chicago or AP style), short prepositions such as “to,” “of,” and “in” should not be capitalized unless they are the first or last word in the phrase. The correct form is “Ready to Ride.”
•	Incorrect word choice (“reflect” instead of “appear”)
Using “reflect” in the sentence “should reflect under the Shipping method” is awkward because “reflect” typically means “to mirror” or “to show as a result,” not “to become visible on a page or screen.” In this context, the correct and natural verb is “appear” or “show up.”
•	Inappropriate phrasing (“can’t find it” instead of “don’t see it”)
Saying “If you can’t find it” is misleading here because it suggests the user should be actively searching, when the intent is simply to ask if they see the option displayed. The more accurate and natural phrasing is “If you don’t see it.”
•	Tense mistake (“what you see” instead of “what you’re seeing”)
The phrase “what you see” uses the simple present tense, but because the sentence refers to something happening at the moment of looking, the present continuous tense “what you’re seeing” is more grammatically precise to express an ongoing action."""
019098b9-1513-4461-f000-000065d422ea,
0192c550-9e1f-414d-f000-00006b06ba02,"Correct Esc  and Notes - There is a note saying ""Don't send to CS for this client, ESC if needed"". Based on the message we sent, we wanted to redirect the customer to CS. 
Link and typo - The link we sent here is from a different brand. Not marking off on templates but marking off on typo since the template subcategory applies to templates of the brand, not another's."
018f74ea-7fc0-453e-f000-00000d688305,
01985198-2097-4ff0-f000-0000d01518fe,"Empathy: We should've done more to acknowledge the customer's frustration here especially when the customer is pleading with us and they mentioned how much they like it so something like ""We really appreciate your interest in the item! I understand your concern in regards to affordability, I wish there was more I could do to help -  I'm really sorry for the inconvenience"""
0197efa9-3dad-4913-f000-0000990ec01e,"No Repetition - The previous agent has already mentioned that deals can't be combined. Instead of fully repeating the same point, you could have used light reiteration, for example, briefly confirming “As mentioned earlier, only one promotion can apply per order”, and then shifted the focus toward helping the customer move forward, such as offering to help them pick the best deal or check the prices together."
018fe068-f220-4c86-f000-0000841a65c4,"We could've personalized this and added acknowledgment statements like ""No worries, Dawn! I totally get that you already have a lot since you purchased. The tone is also casual and our response here is very polished."
